WEBHOOKS_INGRESS_TLS_CERT	/run/layerx/tls/server.pem		public,ingress
WEBHOOKS_INGRESS_TLS_CERT_DER	/run/layerx/tls/server.der		public,ingress
WEBHOOKS_INGRESS_TLS_KEY_DER	/run/layerx/tls/server-key.der		public,ingress
WEBHOOKS_CLIENT_CERT	/run/layerx/client/cert.pem		*
WEBHOOKS_CLIENT_P12	/run/layerx/client/identity.p12		*
WEBHOOKS_CLIENT_PASSWORD	/run/layerx/client/password		*
WEBHOOKS_CLIENT_CA_DER	/run/layerx/ca/internal.der		*
WEBHOOKS_PUBLIC_CA	/run/layerx/ca/public.der		*
WEBHOOKS_REDIS_USERNAME	/run/layerx/redis/username		*
WEBHOOKS_REDIS_PASSWORD	/run/layerx/redis/password		*
WEBHOOKS_KMS_TOKEN	/run/layerx/tokens/kms		*
WEBHOOKS_IDENTITY_TOKEN	/run/layerx/tokens/identity		public
WEBHOOKS_COMPONENT_TOKEN	/run/layerx/tokens/component		ingress
WEBHOOKS_AUTHORITY_TOKEN	/run/layerx/tokens/authority		ingress
WEBHOOKS_JOURNEY_SOURCE_TOKEN	/run/layerx/tokens/journey		ingress
WEBHOOKS_PAYMENT_SOURCE_TOKEN	/run/layerx/tokens/payment		ingress
WEBHOOKS_APPROVAL_SOURCE_TOKEN	/run/layerx/tokens/approval		ingress
WEBHOOKS_PROGRAM_SOURCE_TOKEN	/run/layerx/tokens/program		ingress
WEBHOOKS_SOURCE_TRIGGER_TOKEN	/run/layerx/tokens/source-trigger		ingress
WEBHOOKS_OPERATOR_TOKEN	/run/layerx/tokens/operator		ingress
WEBHOOKS_CURSOR_KEY	/run/layerx/keys/cursor		*
WEBHOOKS_SEQUENCER_PUBLIC_KEY	/run/layerx/keys/sequencer		ingress
WEBHOOKS_SEQUENCER_ID	/run/layerx/keys/sequencer-id		ingress
WEBHOOKS_SEQUENCER_FIRST_BATCH	/run/layerx/keys/sequencer-first-batch		ingress
WEBHOOKS_SEQUENCER_LAST_BATCH	/run/layerx/keys/sequencer-last-batch		ingress
