1	layerx_v1	storage_read	(i32,i32,i32,i32)->i32
1	layerx_v1	storage_write	(i32,i32,i32,i32)->i32
1	layerx_v1	storage_delete	(i32,i32)->i32
1	layerx_v1	event_emit	(i32,i32,i32,i32)->i32
1	layerx_v1	program_call	(i32,i32,i32,i32,i32,i32)->i32
1	layerx_v1	transfer_402	(i64,i64,i32,i32,i32,i32)->i32
1	layerx_v1	receipt_read	(i32,i32,i32,i32)->i32
2	layerx_v2	response_write	(i32,i32,i32)->i32
2	layerx_v2	program_call_response	(i32,i32,i32,i32,i32,i32,i32,i32)->i64
2	layerx_v2	refusal_write	(i32,i32,i32)->i32
2	layerx_v2	storage_read_scoped	(i32,i32,i32,i32,i32)->i32
2	layerx_v2	storage_write_scoped	(i32,i32,i32,i32,i32)->i32
2	layerx_v2	storage_delete_scoped	(i32,i32,i32)->i32
2	layerx_v2	storage_drop_scoped	(i32)->i32
2	layerx_v2	storage_scan_scoped	(i32,i32,i32,i32,i32,i32,i32,i32,i32)->i32
2	layerx_v2	transfer_program_402	(i64,i64,i32,i32,i32,i32,i32,i32,i32,i32)->i32
2	layerx_v2	fund_program_402	(i64,i64,i32,i32,i32,i32,i32,i32)->i32
2	layerx_v2	context_read	(i32,i32,i32)->i32
2	layerx_v2	balance_read	(i32,i32,i32,i32,i32,i32)->i32
2	layerx_v2	hash	(i32,i32,i32,i32)->i32
2	layerx_v2	signature_verify	(i32,i32,i32,i32,i32,i32,i32)->i32
2	layerx_v2	signature_recover	(i32,i32,i32,i32,i32,i32,i32)->i32
2	layerx_v2	bigint_mul_256	(i32,i32,i32,i32,i32,i32)->i32
2	layerx_v2	bigint_div_256	(i32,i32,i32,i32,i32,i32)->i32
2	layerx_v2	bigint_rem_256	(i32,i32,i32,i32,i32,i32)->i32
2	layerx_v2	bigint_modexp_256	(i32,i32,i32,i32,i32,i32,i32,i32)->i32
3	layerx_v3	oracle_read	(i32,i32,i32,i32)->i32
4	layerx_v4	web_read	(i32,i32,i32,i32)->i32
