BRIDGE_RELAYER_CONFIG	/run/secrets/bridge/relayer.json		*
BRIDGE_RELAYER_RPC_TOKENS	/run/secrets/bridge/rpc-tokens		*
BRIDGE_SIGNER_KEYS	/etc/layerx/bridge-signer/keys.json		*
BRIDGE_SIGNER_ATTESTOR_KEY	/run/secrets/bridge/signer/attestor-1.key		bridge-relayer-1
BRIDGE_SIGNER_PAXEER_SUBMITTER_KEY	/run/secrets/bridge/signer/paxeer-submitter.key		*
BRIDGE_SIGNER_ARBITRUM_SUBMITTER_KEY	/run/secrets/bridge/signer/arbitrum-submitter.key		*
BRIDGE_SIGNER_AVALANCHE_SUBMITTER_KEY	/run/secrets/bridge/signer/avalanche-submitter.key		*
BRIDGE_SIGNER_BASE_SUBMITTER_KEY	/run/secrets/bridge/signer/base-submitter.key		*
BRIDGE_SIGNER_BNB_SUBMITTER_KEY	/run/secrets/bridge/signer/bnb-submitter.key		*
BRIDGE_SIGNER_ETHEREUM_SUBMITTER_KEY	/run/secrets/bridge/signer/ethereum-submitter.key		*
BRIDGE_SIGNER_HYPEREVM_SUBMITTER_KEY	/run/secrets/bridge/signer/hyperevm-submitter.key		*
BRIDGE_SIGNER_OPTIMISM_SUBMITTER_KEY	/run/secrets/bridge/signer/optimism-submitter.key		*
BRIDGE_SIGNER_POLYGON_SUBMITTER_KEY	/run/secrets/bridge/signer/polygon-submitter.key		*
BRIDGE_SIGNER_SOLANA_FEE_PAYER_KEYPAIR	/run/secrets/bridge/signer/solana-fee-payer.json		*
BRIDGE_COSIGN_TRANSPORT_CONFIG	/run/secrets/bridge/cosign/transport.json		*
BRIDGE_COSIGN_TRUST_ANCHOR	/run/secrets/bridge/cosign/ca.pem		*
BRIDGE_COSIGN_CERTIFICATE	/run/secrets/bridge/cosign/certificate.pem		*
BRIDGE_COSIGN_PRIVATE_KEY	/run/secrets/bridge/cosign/private-key.pem		*
BRIDGE_OPERATOR_INVENTORY	/run/secrets/bridge/cosign/operators.json		*
BRIDGE_APPROVED_MEMBERSHIP	/run/secrets/bridge/cosign/membership.json		*
BRIDGE_SIGNER_ATTESTOR_KEY	/run/secrets/bridge/signer/attestor-2.key		bridge-relayer-2
BRIDGE_SIGNER_ATTESTOR_KEY	/run/secrets/bridge/signer/attestor-3.key		bridge-relayer-3
BRIDGE_SIGNER_ATTESTOR_KEY	/run/secrets/bridge/signer/attestor-4.key		bridge-relayer-4
BRIDGE_SIGNER_ATTESTOR_KEY	/run/secrets/bridge/signer/attestor-5.key		bridge-relayer-5
